Paper ID,Citation Paper ID,Citation Date,Citation Year
1581,357,09/02/2023 17:31,2023
1581,1892,23/04/2023 04:01,2023
1581,126,15/06/2023 15:46,2023
1581,36,26/03/2023 14:44,2023
1581,922,09/10/2023 19:40,2023
1581,549,04/07/2023 22:26,2023
1581,1413,01/03/2023 08:32,2023
1581,584,03/07/2023 18:12,2023
1581,93,16/06/2023 17:48,2023
1581,105,31/01/2023 15:56,2023
1581,133,15/06/2023 18:59,2023
1581,142,14/08/2023 14:41,2023
1581,1729,05/09/2023 12:47,2023
1581,1769,12/02/2023 04:21,2023
1581,169,05/10/2023 03:45,2023
1581,673,21/09/2023 14:24,2023
1581,735,03/07/2023 17:19,2023
1581,1166,10/03/2023 07:55,2023
1581,622,26/04/2023 18:52,2023
1581,870,27/03/2023 22:27,2023
1581,1094,28/09/2023 15:09,2023
1581,380,30/01/2023 00:53,2023
1581,1512,22/02/2023 14:47,2023
1581,1633,01/03/2023 02:30,2023
1581,1635,03/04/2023 22:46,2023
1581,1726,03/04/2023 12:56,2023
1581,348,31/01/2023 18:59,2023
1581,699,06/06/2023 12:08,2023
1581,465,03/10/2023 00:12,2023
1581,655,08/06/2023 03:07,2023
1581,559,01/09/2023 10:54,2023
1581,583,20/06/2023 11:41,2023
1581,599,01/07/2023 00:33,2023
1581,1228,26/08/2023 02:31,2023
1581,1324,11/05/2023 04:21,2023
1581,1334,04/09/2023 14:02,2023
1581,711,06/04/2023 16:41,2023
1581,1644,20/06/2023 13:53,2023
1581,803,08/02/2023 15:18,2023
1581,804,04/10/2023 14:09,2023
1581,1697,15/08/2023 15:16,2023
1581,859,02/04/2023 23:00,2023
1581,1092,16/06/2023 17:56,2023
1581,1168,30/03/2023 14:29,2023
1581,1322,28/03/2023 05:47,2023
1581,1469,18/02/2023 13:30,2023
1581,1514,15/06/2023 12:13,2023
1581,1632,15/02/2023 18:25,2023
1581,1642,28/05/2023 23:36,2023
1581,1648,03/07/2023 23:50,2023
1581,1652,25/07/2023 04:18,2023
1581,1655,14/08/2023 04:12,2023
1581,1688,09/08/2023 15:22,2023
1581,1690,11/09/2023 15:43,2023
1581,1727,13/06/2023 02:36,2023
1581,1824,19/04/2023 17:18,2023
1581,1835,07/02/2023 01:15,2023
1581,1838,30/06/2023 17:48,2023
1581,1891,14/04/2023 15:55,2023
1581,1894,17/07/2023 12:12,2023
1581,2231,19/05/2023 14:43,2023
1581,2247,25/08/2023 17:11,2023
1581,2250,09/09/2023 20:01,2023
1581,2253,12/09/2023 17:39,2023
1581,2255,19/09/2023 03:59,2023
1581,2260,17/10/2023 22:11,2023
1581,2280,09/02/2023 16:07,2023
1581,2283,25/08/2023 12:37,2023
1581,2333,21/01/2023 07:58,2023
1581,2334,26/05/2023 04:44,2023
1581,2337,31/03/2023 21:16,2023
1581,2339,08/10/2023 05:46,2023
1581,2488,05/02/2023 03:58,2023
1581,2501,13/06/2023 15:07,2023
1581,2557,10/06/2023 05:23,2023
1581,2558,13/06/2023 16:23,2023
1581,2562,24/07/2023 05:29,2023
1581,2571,07/08/2023 04:37,2023
1581,2577,27/06/2023 15:19,2023
1581,2603,27/02/2023 16:43,2023
1581,2611,14/08/2023 13:47,2023
1581,2633,20/01/2023 23:38,2023
1581,2653,07/08/2023 02:10,2023
1581,2692,03/05/2023 20:57,2023
1581,2731,23/03/2023 15:34,2023
1581,2733,12/05/2023 18:21,2023
1581,2736,04/08/2023 15:47,2023
1581,2739,03/10/2023 02:31,2023
1581,2743,22/05/2023 18:18,2023
1581,2938,03/02/2023 06:47,2023
1581,2944,09/05/2023 03:49,2023
1581,2952,27/07/2023 03:14,2023
1581,2987,31/08/2023 06:25,2023
1581,3005,21/05/2023 19:43,2023
1581,3027,15/05/2023 18:10,2023
1581,3029,16/06/2023 15:40,2023
1581,3031,05/07/2023 19:41,2023
1581,3188,05/04/2023 23:19,2023
1581,3197,31/05/2023 21:25,2023
1581,3199,05/07/2023 07:38,2023
1581,3204,18/10/2023 17:07,2023
1581,3250,21/01/2023 20:23,2023
1581,3251,22/01/2023 21:30,2023
1581,3255,29/04/2023 20:55,2023
1581,3256,12/05/2023 15:04,2023
1581,3508,09/02/2023 05:20,2023
1581,3511,15/03/2023 23:11,2023
1581,3515,24/03/2023 03:14,2023
1581,3516,25/02/2023 11:14,2023
1581,3520,31/03/2023 16:07,2023
1581,3545,09/06/2023 14:03,2023
1581,3546,09/06/2023 18:57,2023
1581,3547,13/06/2023 20:51,2023
5,355,16/01/2023 10:31,2023
5,1825,03/05/2023 01:37,2023
3397,1825,03/05/2023 01:37,2023
12,1069,23/08/2023 21:38,2023
83,1069,23/08/2023 21:38,2023
48,357,09/02/2023 17:31,2023
1962,357,09/02/2023 17:31,2023
2834,357,09/02/2023 17:31,2023
48,1892,23/04/2023 04:01,2023
905,1892,23/04/2023 04:01,2023
2036,1892,23/04/2023 04:01,2023
51,449,06/07/2023 01:06,2023
2519,449,06/07/2023 01:06,2023
66,1181,17/10/2023 11:54,2023
67,126,15/06/2023 15:46,2023
743,126,15/06/2023 15:46,2023
1187,126,15/06/2023 15:46,2023
2890,126,15/06/2023 15:46,2023
204,36,26/03/2023 14:44,2023
321,36,26/03/2023 14:44,2023
1775,36,26/03/2023 14:44,2023
1998,36,26/03/2023 14:44,2023
2202,36,26/03/2023 14:44,2023
2465,36,26/03/2023 14:44,2023
2707,36,26/03/2023 14:44,2023
3500,36,26/03/2023 14:44,2023
69,1169,22/04/2023 04:53,2023
962,1169,22/04/2023 04:53,2023
2176,1169,22/04/2023 04:53,2023
2363,1169,22/04/2023 04:53,2023
3379,1169,22/04/2023 04:53,2023
77,438,24/05/2023 03:05,2023
1408,438,24/05/2023 03:05,2023
2925,438,24/05/2023 03:05,2023
3147,438,24/05/2023 03:05,2023
77,1237,09/10/2023 20:57,2023
77,1742,24/04/2023 12:12,2023
83,278,03/06/2023 17:00,2023
83,957,06/09/2023 11:29,2023
87,922,09/10/2023 19:40,2023
2181,922,09/10/2023 19:40,2023
2496,922,09/10/2023 19:40,2023
3234,922,09/10/2023 19:40,2023
132,549,04/07/2023 22:26,2023
284,549,04/07/2023 22:26,2023
1731,549,04/07/2023 22:26,2023
2701,549,04/07/2023 22:26,2023
3500,60,29/08/2023 09:36,2023
142,1842,03/09/2023 13:33,2023
1632,1842,03/09/2023 13:33,2023
1731,1842,03/09/2023 13:33,2023
2733,1842,03/09/2023 13:33,2023
195,85,11/05/2023 03:29,2023
1133,85,11/05/2023 03:29,2023
195,582,19/04/2023 17:45,2023
987,582,19/04/2023 17:45,2023
1172,582,19/04/2023 17:45,2023
1587,582,19/04/2023 17:45,2023
2527,582,19/04/2023 17:45,2023
201,657,21/09/2023 12:34,2023
201,956,16/02/2023 21:30,2023
201,1413,01/03/2023 08:32,2023
979,1413,01/03/2023 08:32,2023
1036,1413,01/03/2023 08:32,2023
204,104,16/01/2023 17:24,2023
1303,104,16/01/2023 17:24,2023
204,205,22/09/2023 21:29,2023
1850,205,22/09/2023 21:29,2023
204,584,03/07/2023 18:12,2023
204,785,17/06/2023 21:28,2023
287,785,17/06/2023 21:28,2023
708,785,17/06/2023 21:28,2023
792,785,17/06/2023 21:28,2023
1303,785,17/06/2023 21:28,2023
2582,785,17/06/2023 21:28,2023
661,91,29/09/2023 08:48,2023
2448,93,16/06/2023 17:48,2023
204,1248,08/06/2023 14:21,2023
1119,1248,08/06/2023 14:21,2023
1280,1248,08/06/2023 14:21,2023
1303,1248,08/06/2023 14:21,2023
1310,1248,08/06/2023 14:21,2023
1408,1248,08/06/2023 14:21,2023
1640,1248,08/06/2023 14:21,2023
204,1280,12/04/2023 06:08,2023
502,1280,12/04/2023 06:08,2023
708,1280,12/04/2023 06:08,2023
1243,1280,12/04/2023 06:08,2023
204,1408,22/03/2023 13:03,2023
1303,1408,22/03/2023 13:03,2023
1310,1408,22/03/2023 13:03,2023
1699,1408,22/03/2023 13:03,2023
204,1478,10/08/2023 12:14,2023
554,1478,10/08/2023 12:14,2023
622,1478,10/08/2023 12:14,2023
651,1478,10/08/2023 12:14,2023
708,1478,10/08/2023 12:14,2023
709,1478,10/08/2023 12:14,2023
792,1478,10/08/2023 12:14,2023
911,1478,10/08/2023 12:14,2023
1194,1478,10/08/2023 12:14,2023
1303,1478,10/08/2023 12:14,2023
1405,1478,10/08/2023 12:14,2023
1632,1478,10/08/2023 12:14,2023
1694,1478,10/08/2023 12:14,2023
1738,1478,10/08/2023 12:14,2023
2439,1478,10/08/2023 12:14,2023
3288,1478,10/08/2023 12:14,2023
3298,1478,10/08/2023 12:14,2023
3477,1478,10/08/2023 12:14,2023
1310,100,14/09/2023 06:56,2023
1864,100,14/09/2023 06:56,2023
287,105,31/01/2023 15:56,2023
874,105,31/01/2023 15:56,2023
1310,105,31/01/2023 15:56,2023
2962,105,31/01/2023 15:56,2023
236,1054,05/06/2023 07:46,2023
2374,1054,05/06/2023 07:46,2023
2856,1054,05/06/2023 07:46,2023
240,1645,26/06/2023 18:27,2023
1135,1645,26/06/2023 18:27,2023
248,1157,26/01/2023 20:37,2023
1875,1157,26/01/2023 20:37,2023
257,382,31/05/2023 02:04,2023
2176,382,31/05/2023 02:04,2023
417,114,01/10/2023 11:26,2023
502,114,01/10/2023 11:26,2023
577,114,01/10/2023 11:26,2023
2213,114,01/10/2023 11:26,2023
285,532,30/01/2023 07:40,2023
463,532,30/01/2023 07:40,2023
1089,532,30/01/2023 07:40,2023
3446,532,30/01/2023 07:40,2023
1131,133,15/06/2023 18:59,2023
1745,133,15/06/2023 18:59,2023
2663,133,15/06/2023 18:59,2023
2740,133,15/06/2023 18:59,2023
303,626,08/08/2023 14:41,2023
303,873,11/10/2023 20:09,2023
303,991,07/05/2023 20:59,2023
1603,991,07/05/2023 20:59,2023
2527,991,07/05/2023 20:59,2023
484,142,14/08/2023 14:41,2023
735,142,14/08/2023 14:41,2023
1172,145,23/05/2023 18:15,2023
1691,145,23/05/2023 18:15,2023
708,149,23/03/2023 14:44,2023
1738,149,23/03/2023 14:44,2023
3227,149,23/03/2023 14:44,2023
310,1476,20/07/2023 23:10,2023
690,1476,20/07/2023 23:10,2023
1713,1476,20/07/2023 23:10,2023
2092,1476,20/07/2023 23:10,2023
2853,1476,20/07/2023 23:10,2023
3011,1476,20/07/2023 23:10,2023
321,1729,05/09/2023 12:47,2023
486,1729,05/09/2023 12:47,2023
1935,1729,05/09/2023 12:47,2023
2648,1729,05/09/2023 12:47,2023
321,1769,12/02/2023 04:21,2023
1371,1769,12/02/2023 04:21,2023
2299,1769,12/02/2023 04:21,2023
1957,169,05/10/2023 03:45,2023
2585,169,05/10/2023 03:45,2023
3365,169,05/10/2023 03:45,2023
335,1338,25/05/2023 06:10,2023
340,231,20/07/2023 08:33,2023
2129,231,20/07/2023 08:33,2023
2476,231,20/07/2023 08:33,2023
3335,231,20/07/2023 08:33,2023
351,888,10/06/2023 22:58,2023
1245,888,10/06/2023 22:58,2023
356,673,21/09/2023 14:24,2023
361,735,03/07/2023 17:19,2023
2971,735,03/07/2023 17:19,2023
368,1166,10/03/2023 07:55,2023
690,1166,10/03/2023 07:55,2023
755,1166,10/03/2023 07:55,2023
836,1166,10/03/2023 07:55,2023
1303,1166,10/03/2023 07:55,2023
1438,1166,10/03/2023 07:55,2023
1459,1166,10/03/2023 07:55,2023
1731,1166,10/03/2023 07:55,2023
2036,1166,10/03/2023 07:55,2023
2093,1166,10/03/2023 07:55,2023
2110,1166,10/03/2023 07:55,2023
2377,1166,10/03/2023 07:55,2023
3134,1166,10/03/2023 07:55,2023
368,1656,15/08/2023 21:47,2023
1079,1656,15/08/2023 21:47,2023
2576,1656,15/08/2023 21:47,2023
394,1412,19/09/2023 15:42,2023
1406,1412,19/09/2023 15:42,2023
1699,1412,19/09/2023 15:42,2023
1751,1412,19/09/2023 15:42,2023
2606,1412,19/09/2023 15:42,2023
395,1785,13/06/2023 14:18,2023
993,1785,13/06/2023 14:18,2023
2292,1785,13/06/2023 14:18,2023
2306,1785,13/06/2023 14:18,2023
417,642,05/10/2023 09:27,2023
1682,642,05/10/2023 09:27,2023
1706,642,05/10/2023 09:27,2023
456,1643,12/06/2023 16:56,2023
469,947,22/05/2023 22:43,2023
814,947,22/05/2023 22:43,2023
1197,947,22/05/2023 22:43,2023
3125,947,22/05/2023 22:43,2023
3300,947,22/05/2023 22:43,2023
477,296,03/05/2023 11:36,2023
477,622,26/04/2023 18:52,2023
1303,622,26/04/2023 18:52,2023
1379,622,26/04/2023 18:52,2023
2464,622,26/04/2023 18:52,2023
2595,622,26/04/2023 18:52,2023
2740,622,26/04/2023 18:52,2023
3218,622,26/04/2023 18:52,2023
1303,239,11/06/2023 23:55,2023
3296,239,11/06/2023 23:55,2023
477,870,27/03/2023 22:27,2023
477,1475,06/07/2023 16:42,2023
477,1658,20/09/2023 04:39,2023
2463,1658,20/09/2023 04:39,2023
480,716,02/10/2023 20:54,2023
2806,716,02/10/2023 20:54,2023
2867,277,04/05/2023 08:28,2023
513,1271,10/10/2023 19:54,2023
2312,1271,10/10/2023 19:54,2023
932,292,08/02/2023 09:25,2023
1245,293,19/08/2023 11:10,2023
3463,304,25/03/2023 09:04,2023
577,305,05/07/2023 19:18,2023
768,305,05/07/2023 19:18,2023
2239,305,05/07/2023 19:18,2023
2194,306,17/10/2023 12:34,2023
577,450,11/05/2023 20:20,2023
1438,450,11/05/2023 20:20,2023
603,966,21/03/2023 14:35,2023
2843,966,21/03/2023 14:35,2023
622,860,25/05/2023 16:23,2023
1464,860,25/05/2023 16:23,2023
2011,860,25/05/2023 16:23,2023
2204,860,25/05/2023 16:23,2023
3485,860,25/05/2023 16:23,2023
652,1094,28/09/2023 15:09,2023
653,380,30/01/2023 00:53,2023
661,1093,03/08/2023 15:31,2023
661,1170,01/05/2023 01:04,2023
661,1512,22/02/2023 14:47,2023
822,1512,22/02/2023 14:47,2023
1773,1512,22/02/2023 14:47,2023
2102,1512,22/02/2023 14:47,2023
690,656,31/07/2023 14:27,2023
1036,656,31/07/2023 14:27,2023
1731,656,31/07/2023 14:27,2023
1632,329,22/09/2023 06:27,2023
1646,329,22/09/2023 06:27,2023
1731,329,22/09/2023 06:27,2023
1798,329,22/09/2023 06:27,2023
1806,329,22/09/2023 06:27,2023
2271,329,22/09/2023 06:27,2023
2310,329,22/09/2023 06:27,2023
2550,329,22/09/2023 06:27,2023
690,1633,01/03/2023 02:30,2023
1893,1633,01/03/2023 02:30,2023
3365,1633,01/03/2023 02:30,2023
690,1635,03/04/2023 22:46,2023
1738,1635,03/04/2023 22:46,2023
690,1726,03/04/2023 12:56,2023
719,1726,03/04/2023 12:56,2023
1713,1726,03/04/2023 12:56,2023
697,1649,04/07/2023 07:23,2023
1118,1649,04/07/2023 07:23,2023
708,927,07/06/2023 13:31,2023
708,1177,20/09/2023 13:35,2023
2582,1177,20/09/2023 13:35,2023
708,1215,28/09/2023 21:53,2023
708,1881,24/06/2023 13:09,2023
2582,1881,24/06/2023 13:09,2023
1132,384,05/06/2023 20:00,2023
2189,384,05/06/2023 20:00,2023
709,781,05/06/2023 05:10,2023
2036,781,05/06/2023 05:10,2023
1303,394,24/05/2023 05:36,2023
1310,394,24/05/2023 05:36,2023
1699,394,24/05/2023 05:36,2023
2191,394,24/05/2023 05:36,2023
790,788,15/10/2023 18:58,2023
1303,408,09/08/2023 21:53,2023
829,605,19/07/2023 12:54,2023
1706,605,19/07/2023 12:54,2023
1891,605,19/07/2023 12:54,2023
2890,428,19/09/2023 05:49,2023
3195,428,19/09/2023 05:49,2023
889,883,10/06/2023 08:27,2023
3500,883,10/06/2023 08:27,2023
1379,439,29/06/2023 09:59,2023
3218,439,29/06/2023 09:59,2023
3100,440,03/10/2023 15:46,2023
901,699,06/06/2023 12:08,2023
1740,699,06/06/2023 12:08,2023
915,1653,31/07/2023 08:31,2023
1745,1653,31/07/2023 08:31,2023
940,1660,09/10/2023 07:32,2023
1632,1660,09/10/2023 07:32,2023
3288,464,22/05/2023 19:28,2023
962,989,22/04/2023 10:27,2023
2363,989,22/04/2023 10:27,2023
3014,989,22/04/2023 10:27,2023
979,487,23/02/2023 18:57,2023
1001,1883,18/09/2023 00:49,2023
2089,1883,18/09/2023 00:49,2023
2527,1883,18/09/2023 00:49,2023
3495,497,10/07/2023 20:15,2023
1036,655,08/06/2023 03:07,2023
1082,1882,28/08/2023 04:26,2023
1740,543,09/08/2023 10:15,2023
2187,543,09/08/2023 10:15,2023
3384,543,09/08/2023 10:15,2023
1089,1165,01/03/2023 12:39,2023
3446,1165,01/03/2023 12:39,2023
1303,559,01/09/2023 10:54,2023
1693,559,01/09/2023 10:54,2023
1144,1418,01/03/2023 18:47,2023
1731,1418,01/03/2023 18:47,2023
1159,900,06/06/2023 18:18,2023
1378,900,06/06/2023 18:18,2023
1731,900,06/06/2023 18:18,2023
3484,900,06/06/2023 18:18,2023
1170,1851,15/05/2023 11:28,2023
1916,1851,15/05/2023 11:28,2023
3380,585,06/07/2023 20:08,2023
1709,599,01/07/2023 00:33,2023
2701,599,01/07/2023 00:33,2023
1245,1228,26/08/2023 02:31,2023
1292,745,30/05/2023 20:54,2023
2032,745,30/05/2023 20:54,2023
2371,745,30/05/2023 20:54,2023
1303,867,24/05/2023 16:55,2023
2465,867,24/05/2023 16:55,2023
1303,968,06/06/2023 14:41,2023
1303,1162,18/02/2023 22:20,2023
1614,1162,18/02/2023 22:20,2023
2092,1162,18/02/2023 22:20,2023
1303,1324,11/05/2023 04:21,2023
1699,1324,11/05/2023 04:21,2023
1303,1334,04/09/2023 14:02,2023
1438,1334,04/09/2023 14:02,2023
1541,1334,04/09/2023 14:02,2023
3534,688,11/10/2023 08:57,2023
2147,711,06/04/2023 16:41,2023
1310,787,07/10/2023 22:49,2023
1406,787,07/10/2023 22:49,2023
1699,787,07/10/2023 22:49,2023
3484,787,07/10/2023 22:49,2023
2008,721,31/07/2023 03:32,2023
2818,721,31/07/2023 03:32,2023
1360,1860,08/03/2023 11:51,2023
1374,1860,08/03/2023 11:51,2023
1408,1207,14/09/2023 07:41,2023
1432,1644,20/06/2023 13:53,2023
1617,1644,20/06/2023 13:53,2023
1438,803,08/02/2023 15:18,2023
1701,803,08/02/2023 15:18,2023
2525,803,08/02/2023 15:18,2023
3134,803,08/02/2023 15:18,2023
1438,1339,05/10/2023 07:31,2023
1739,1339,05/10/2023 07:31,2023
1771,1339,05/10/2023 07:31,2023
1918,779,23/05/2023 09:43,2023
1438,1567,13/09/2023 16:23,2023
3296,782,10/06/2023 22:09,2023
1438,1659,07/10/2023 08:54,2023
1438,1750,24/05/2023 04:25,2023
1931,1750,24/05/2023 04:25,2023
3003,796,01/06/2023 15:07,2023
2989,804,04/10/2023 14:09,2023
3288,804,04/10/2023 14:09,2023
3371,804,04/10/2023 14:09,2023
1507,826,16/09/2023 15:04,2023
1522,1257,05/10/2023 21:41,2023
1525,1697,15/08/2023 15:16,2023
1549,896,31/05/2023 12:43,2023
1555,1335,05/10/2023 04:20,2023
1722,1335,05/10/2023 04:20,2023
2797,861,15/06/2023 08:02,2023
1916,872,23/09/2023 01:00,2023
3365,1092,16/06/2023 17:56,2023
3297,1168,30/03/2023 14:29,2023
2032,952,31/07/2023 12:24,2023
2454,952,31/07/2023 12:24,2023
2092,967,10/05/2023 14:40,2023
2648,1824,19/04/2023 17:18,2023
1731,1891,14/04/2023 15:55,2023
3375,1018,18/07/2023 19:51,2023
1603,1178,09/10/2023 13:56,2023
1632,1325,30/05/2023 18:59,2023
1976,1164,01/03/2023 10:57,2023
1691,1172,31/05/2023 18:55,2023
1699,1407,02/02/2023 03:56,2023
3371,1407,02/02/2023 03:56,2023
2463,1213,28/02/2023 03:38,2023
3259,1287,08/07/2023 07:47,2023
1893,1736,11/10/2023 09:16,2023
1994,1749,10/04/2023 11:25,2023
1998,1884,13/10/2023 23:29,2023
2036,1735,11/08/2023 12:29,2023
2056,1778,29/05/2023 17:09,2023
2144,1474,22/05/2023 03:31,2023
3528,1480,09/10/2023 01:20,2023
2213,1932,08/03/2023 20:45,2023
2239,1646,28/06/2023 11:48,2023
2299,1703,24/05/2023 07:19,2023
2657,1937,19/07/2023 14:01,2023
3540,1689,17/08/2023 14:07,2023
3484,1743,02/10/2023 20:22,2023
3141,1933,26/05/2023 17:32,2023
3521,1840,18/07/2023 07:48,2023
3379,1847,12/06/2023 02:55,2023
502,2016,11/01/2023 23:20,2023
1019,2025,17/10/2023 17:15,2023
1922,2025,17/10/2023 17:15,2023
2092,2048,14/05/2023 23:01,2023
2168,2048,14/05/2023 23:01,2023
486,2053,04/09/2023 14:59,2023
1432,2212,01/01/2023 12:48,2023
1303,2214,11/01/2023 23:45,2023
2089,2217,23/02/2023 14:49,2023
285,2218,28/02/2023 11:21,2023
3446,2218,28/02/2023 11:21,2023
477,2221,01/04/2023 06:04,2023
708,2222,03/04/2023 14:25,2023
2092,2222,03/04/2023 14:25,2023
1036,2223,16/04/2023 17:50,2023
69,2227,22/04/2023 22:51,2023
1303,2235,23/05/2023 10:35,2023
1303,2237,24/05/2023 00:22,2023
2370,2237,24/05/2023 00:22,2023
792,2240,11/06/2023 07:11,2023
3219,2240,11/06/2023 07:11,2023
1745,2244,07/08/2023 10:20,2023
1632,2245,15/08/2023 18:40,2023
2700,2245,15/08/2023 18:40,2023
2707,2245,15/08/2023 18:40,2023
1303,2247,25/08/2023 17:11,2023
2979,2247,25/08/2023 17:11,2023
622,2248,02/09/2023 23:14,2023
1028,2248,02/09/2023 23:14,2023
1036,2248,02/09/2023 23:14,2023
1957,2248,02/09/2023 23:14,2023
2871,2248,02/09/2023 23:14,2023
2890,2248,02/09/2023 23:14,2023
3141,2248,02/09/2023 23:14,2023
3195,2248,02/09/2023 23:14,2023
2475,2251,11/09/2023 19:50,2023
2547,2253,12/09/2023 17:39,2023
2648,2253,12/09/2023 17:39,2023
648,2255,19/09/2023 03:59,2023
3379,2256,04/10/2023 18:10,2023
932,2257,30/09/2023 23:27,2023
2239,2258,07/10/2023 13:52,2023
3551,2258,07/10/2023 13:52,2023
3321,2259,11/10/2023 17:18,2023
1515,2260,17/10/2023 22:11,2023
1438,2280,09/02/2023 16:07,2023
1713,2280,09/02/2023 16:07,2023
2036,2280,09/02/2023 16:07,2023
3472,2280,09/02/2023 16:07,2023
836,2283,25/08/2023 12:37,2023
1036,2283,25/08/2023 12:37,2023
967,2284,14/09/2023 20:35,2023
1461,2284,14/09/2023 20:35,2023
1731,2284,14/09/2023 20:35,2023
3452,2284,14/09/2023 20:35,2023
1515,2317,24/05/2023 12:27,2023
1197,2324,21/02/2023 16:42,2023
321,2333,21/01/2023 07:58,2023
738,2333,21/01/2023 07:58,2023
1040,2333,21/01/2023 07:58,2023
1916,2333,21/01/2023 07:58,2023
2299,2333,21/01/2023 07:58,2023
1036,2338,07/08/2023 14:37,2023
1302,2488,05/02/2023 03:58,2023
1987,2488,05/02/2023 03:58,2023
1303,2491,20/03/2023 06:13,2023
502,2494,06/04/2023 15:25,2023
2841,2494,06/04/2023 15:25,2023
3288,2494,06/04/2023 15:25,2023
362,2497,17/04/2023 15:37,2023
2538,2500,25/05/2023 23:08,2023
572,2502,13/06/2023 23:07,2023
697,2502,13/06/2023 23:07,2023
985,2502,13/06/2023 23:07,2023
1432,2502,13/06/2023 23:07,2023
1553,2502,13/06/2023 23:07,2023
1557,2502,13/06/2023 23:07,2023
1870,2502,13/06/2023 23:07,2023
2003,2502,13/06/2023 23:07,2023
2363,2502,13/06/2023 23:07,2023
2384,2502,13/06/2023 23:07,2023
2537,2502,13/06/2023 23:07,2023
3014,2502,13/06/2023 23:07,2023
3142,2502,13/06/2023 23:07,2023
3200,2502,13/06/2023 23:07,2023
932,2506,20/07/2023 13:44,2023
1957,2506,20/07/2023 13:44,2023
242,2510,12/10/2023 08:48,2023
3467,2514,25/08/2023 06:52,2023
363,2557,10/06/2023 05:23,2023
2271,2557,10/06/2023 05:23,2023
792,2558,13/06/2023 16:23,2023
1303,2558,13/06/2023 16:23,2023
3219,2558,13/06/2023 16:23,2023
3253,2559,22/06/2023 18:30,2023
1679,2560,13/07/2023 03:31,2023
1322,2561,22/07/2023 16:58,2023
2740,2561,22/07/2023 16:58,2023
3365,2561,22/07/2023 16:58,2023
1773,2562,24/07/2023 05:29,2023
2089,2564,30/08/2023 10:07,2023
179,2566,11/10/2023 02:03,2023
311,2566,11/10/2023 02:03,2023
477,2579,15/09/2023 17:50,2023
895,2579,15/09/2023 17:50,2023
1731,2579,15/09/2023 17:50,2023
1713,2604,05/05/2023 19:39,2023
1310,2606,24/05/2023 09:06,2023
1408,2606,24/05/2023 09:06,2023
697,2610,18/07/2023 12:38,2023
1438,2611,14/08/2023 13:47,2023
2550,2611,14/08/2023 13:47,2023
3218,2611,14/08/2023 13:47,2023
3500,2611,14/08/2023 13:47,2023
1349,2613,13/09/2023 20:30,2023
987,2623,09/07/2023 19:51,2023
1793,2628,24/03/2023 18:30,2023
2061,2634,09/08/2023 05:06,2023
2056,2653,07/08/2023 02:10,2023
417,2692,03/05/2023 20:57,2023
477,2692,03/05/2023 20:57,2023
2721,2730,05/04/2023 21:37,2023
361,2731,23/03/2023 15:34,2023
1713,2731,23/03/2023 15:34,2023
2092,2731,23/03/2023 15:34,2023
2193,2731,23/03/2023 15:34,2023
488,2734,23/06/2023 14:55,2023
1303,2734,23/06/2023 14:55,2023
622,2736,04/08/2023 15:47,2023
3027,2736,04/08/2023 15:47,2023
201,2743,22/05/2023 18:18,2023
500,2743,22/05/2023 18:18,2023
514,2743,22/05/2023 18:18,2023
946,2743,22/05/2023 18:18,2023
961,2743,22/05/2023 18:18,2023
1245,2743,22/05/2023 18:18,2023
1251,2743,22/05/2023 18:18,2023
1320,2743,22/05/2023 18:18,2023
1329,2743,22/05/2023 18:18,2023
1632,2743,22/05/2023 18:18,2023
1731,2743,22/05/2023 18:18,2023
1824,2743,22/05/2023 18:18,2023
1846,2743,22/05/2023 18:18,2023
1897,2743,22/05/2023 18:18,2023
1984,2743,22/05/2023 18:18,2023
2110,2743,22/05/2023 18:18,2023
2203,2743,22/05/2023 18:18,2023
2212,2743,22/05/2023 18:18,2023
2221,2743,22/05/2023 18:18,2023
2437,2743,22/05/2023 18:18,2023
2648,2743,22/05/2023 18:18,2023
3347,2743,22/05/2023 18:18,2023
3363,2743,22/05/2023 18:18,2023
3484,2743,22/05/2023 18:18,2023
3500,2743,22/05/2023 18:18,2023
2701,2744,10/07/2023 17:46,2023
201,2938,03/02/2023 06:47,2023
1541,2939,13/02/2023 15:03,2023
1189,2949,29/06/2023 04:57,2023
2989,2951,25/07/2023 00:53,2023
77,2952,27/07/2023 03:14,2023
1285,2985,09/08/2023 17:09,2023
325,2987,31/08/2023 06:25,2023
2444,2998,14/07/2023 15:45,2023
2465,3028,21/05/2023 15:45,2023
3500,3028,21/05/2023 15:45,2023
690,3030,22/06/2023 13:10,2023
2033,3030,22/06/2023 13:10,2023
1059,3040,02/08/2023 20:05,2023
477,3077,02/10/2023 18:46,2023
2701,3078,23/08/2023 22:39,2023
3288,3078,23/08/2023 22:39,2023
343,3187,27/02/2023 16:45,2023
3014,3187,27/02/2023 16:45,2023
327,3195,29/05/2023 12:40,2023
2299,3195,29/05/2023 12:40,2023
2806,3196,31/05/2023 13:00,2023
1957,3197,31/05/2023 21:25,2023
2089,3202,15/08/2023 17:39,2023
2700,3202,15/08/2023 17:39,2023
1432,3250,21/01/2023 20:23,2023
1870,3250,21/01/2023 20:23,2023
456,3252,13/02/2023 18:00,2023
3348,3253,07/03/2023 11:54,2023
3365,3254,27/04/2023 19:29,2023
1962,3255,29/04/2023 20:55,2023
3482,3255,29/04/2023 20:55,2023
3484,3255,29/04/2023 20:55,2023
3218,3256,12/05/2023 15:04,2023
2399,3260,30/06/2023 14:35,2023
1374,3265,22/09/2023 23:47,2023
738,3266,24/09/2023 20:26,2023
1600,3266,24/09/2023 20:26,2023
1852,3267,29/09/2023 11:36,2023
1245,3268,02/10/2023 18:59,2023
343,3270,08/10/2023 15:26,2023
477,3270,08/10/2023 15:26,2023
1815,3270,08/10/2023 15:26,2023
3384,3270,08/10/2023 15:26,2023
3412,3505,29/01/2023 15:52,2023
692,3508,09/02/2023 05:20,2023
1329,3508,09/02/2023 05:20,2023
2740,3509,14/02/2023 23:00,2023
1632,3514,24/03/2023 13:24,2023
3500,3514,24/03/2023 13:24,2023
2041,3517,30/03/2023 02:37,2023
1713,3518,30/03/2023 23:06,2023
708,3520,31/03/2023 16:07,2023
1772,3520,31/03/2023 16:07,2023
3288,3520,31/03/2023 16:07,2023
3288,3524,10/04/2023 15:27,2023
310,3528,05/05/2023 15:44,2023
327,3533,15/05/2023 08:48,2023
1245,3535,19/05/2023 12:20,2023
1303,3539,23/05/2023 12:30,2023
3498,3541,24/05/2023 11:57,2023
1722,3544,30/05/2023 18:55,2023
708,3545,09/06/2023 14:03,2023
1965,3547,13/06/2023 20:51,2023
1303,3548,14/06/2023 10:04,2023
3019,3548,14/06/2023 10:04,2023
2608,3552,03/07/2023 14:37,2023
622,3555,12/07/2023 12:27,2023
2221,3555,12/07/2023 12:27,2023
3210,3555,12/07/2023 12:27,2023
1713,3556,13/07/2023 21:04,2023
77,1,15/02/2022 02:19,2022
1245,1,15/02/2022 02:19,2022
1437,1,15/02/2022 02:19,2022
2989,1,15/02/2022 02:19,2022
12,269,28/11/2022 15:51,2022
1036,13,10/10/2022 07:26,2022
1292,13,10/10/2022 07:26,2022
2032,13,10/10/2022 07:26,2022
2371,13,10/10/2022 07:26,2022
2572,13,10/10/2022 07:26,2022
3119,13,10/10/2022 07:26,2022
48,419,29/05/2022 18:51,2022
1593,419,29/05/2022 18:51,2022
48,1343,01/07/2022 04:37,2022
2701,28,13/12/2022 15:12,2022
708,33,07/02/2022 17:40,2022
1738,33,07/02/2022 17:40,2022
2527,33,07/02/2022 17:40,2022
3331,33,07/02/2022 17:40,2022
195,35,07/12/2022 03:07,2022
69,152,03/06/2022 02:05,2022
2384,152,03/06/2022 02:05,2022
77,229,16/12/2022 13:55,2022
77,801,29/05/2022 13:57,2022
3112,801,29/05/2022 13:57,2022
83,84,11/10/2022 13:28,2022
204,926,16/12/2022 10:33,2022
708,926,16/12/2022 10:33,2022
767,926,16/12/2022 10:33,2022
2582,926,16/12/2022 10:33,2022
204,1406,31/05/2022 18:03,2022
1133,1406,31/05/2022 18:03,2022
1699,1406,31/05/2022 18:03,2022
762,103,08/04/2022 09:07,2022
2399,103,08/04/2022 09:07,2022
259,285,31/05/2022 17:21,2022
1019,285,31/05/2022 17:21,2022
1089,285,31/05/2022 17:21,2022
2089,285,31/05/2022 17:21,2022
3446,285,31/05/2022 17:21,2022
259,463,27/10/2022 08:44,2022
1089,463,27/10/2022 08:44,2022
3446,463,27/10/2022 08:44,2022
259,1089,19/05/2022 15:19,2022
284,665,12/12/2022 08:51,2022
1197,665,12/12/2022 08:51,2022
3043,665,12/12/2022 08:51,2022
303,243,05/12/2022 19:37,2022
3431,243,05/12/2022 19:37,2022
2527,143,30/09/2022 06:02,2022
310,1317,06/06/2022 01:20,2022
310,1556,28/03/2022 22:14,2022
2391,1556,28/03/2022 22:14,2022
311,802,21/12/2022 10:15,2022
1739,802,21/12/2022 10:15,2022
321,528,13/06/2022 11:31,2022
1371,528,13/06/2022 11:31,2022
321,705,03/05/2022 23:31,2022
327,705,03/05/2022 23:31,2022
738,705,03/05/2022 23:31,2022
1363,705,03/05/2022 23:31,2022
321,1935,23/07/2022 04:19,2022
486,1935,23/07/2022 04:19,2022
577,166,19/04/2022 16:19,2022
2115,170,16/03/2022 19:47,2022
340,238,11/04/2022 13:23,2022
2089,238,11/04/2022 13:23,2022
343,1232,11/11/2022 04:29,2022
895,1232,11/11/2022 04:29,2022
1142,1232,11/11/2022 04:29,2022
1329,1232,11/11/2022 04:29,2022
2147,1232,11/11/2022 04:29,2022
1028,183,28/09/2022 10:37,2022
1221,183,28/09/2022 10:37,2022
3085,183,28/09/2022 10:37,2022
343,1347,14/12/2022 09:25,2022
738,1347,14/12/2022 09:25,2022
1303,1347,14/12/2022 09:25,2022
1962,1347,14/12/2022 09:25,2022
2821,1347,14/12/2022 09:25,2022
2890,1347,14/12/2022 09:25,2022
350,1484,21/04/2022 01:04,2022
690,1484,21/04/2022 01:04,2022
1713,1484,21/04/2022 01:04,2022
361,636,28/02/2022 22:59,2022
820,636,28/02/2022 22:59,2022
1731,636,28/02/2022 22:59,2022
877,195,01/06/2022 13:22,2022
1084,195,01/06/2022 13:22,2022
907,197,07/12/2022 03:46,2022
361,1818,13/04/2022 19:51,2022
502,1893,02/02/2022 14:28,2022
690,1893,02/02/2022 14:28,2022
1303,1893,02/02/2022 14:28,2022
1438,1893,02/02/2022 14:28,2022
1713,1893,02/02/2022 14:28,2022
2834,1893,02/02/2022 14:28,2022
3108,1893,02/02/2022 14:28,2022
3288,281,01/07/2022 18:24,2022
507,923,07/04/2022 05:57,2022
661,1405,15/04/2022 14:02,2022
708,1405,15/04/2022 14:02,2022
1119,1405,15/04/2022 14:02,2022
1541,1405,15/04/2022 14:02,2022
2962,1405,15/04/2022 14:02,2022
668,941,25/05/2022 12:52,2022
2648,941,25/05/2022 12:52,2022
692,1459,03/01/2022 17:17,2022
891,1459,03/01/2022 17:17,2022
1673,1459,03/01/2022 17:17,2022
1773,1459,03/01/2022 17:17,2022
1957,1459,03/01/2022 17:17,2022
2384,1459,03/01/2022 17:17,2022
2392,1459,03/01/2022 17:17,2022
2982,1459,03/01/2022 17:17,2022
3061,1459,03/01/2022 17:17,2022
3102,1459,03/01/2022 17:17,2022
3143,1459,03/01/2022 17:17,2022
3395,1459,03/01/2022 17:17,2022
708,697,01/05/2022 21:19,2022
1120,697,01/05/2022 21:19,2022
708,1625,09/08/2022 08:15,2022
877,1625,09/08/2022 08:15,2022
2097,1625,09/08/2022 08:15,2022
746,1621,03/05/2022 11:08,2022
819,1621,03/05/2022 11:08,2022
1197,1621,03/05/2022 11:08,2022
1449,1621,03/05/2022 11:08,2022
792,1202,13/11/2022 18:59,2022
874,1202,13/11/2022 18:59,2022
1036,1202,13/11/2022 18:59,2022
1121,1202,13/11/2022 18:59,2022
1731,1202,13/11/2022 18:59,2022
889,1488,23/02/2022 23:20,2022
891,1049,29/03/2022 02:26,2022
2114,1049,29/03/2022 02:26,2022
985,1870,21/04/2022 19:51,2022
1438,1870,21/04/2022 19:51,2022
2142,1870,21/04/2022 19:51,2022
2363,1870,21/04/2022 19:51,2022
2843,1870,21/04/2022 19:51,2022
1004,1630,16/12/2022 20:01,2022
1190,1630,16/12/2022 20:01,2022
1019,917,29/06/2022 15:19,2022
1036,917,29/06/2022 15:19,2022
1793,917,29/06/2022 15:19,2022
1036,643,04/12/2022 07:22,2022
1036,734,01/10/2022 18:01,2022
1611,527,25/02/2022 13:30,2022
1713,527,25/02/2022 13:30,2022
1694,534,16/12/2022 00:15,2022
1108,1698,25/08/2022 14:27,2022
1864,1698,25/08/2022 14:27,2022
3375,553,19/04/2022 04:27,2022
1110,653,27/10/2022 15:09,2022
3462,653,27/10/2022 15:09,2022
2710,556,23/06/2022 15:09,2022
1118,1747,21/03/2022 09:59,2022
1713,1747,21/03/2022 09:59,2022
2092,1747,21/03/2022 09:59,2022
2834,1747,21/03/2022 09:59,2022
1119,1555,28/01/2022 21:55,2022
1438,1555,28/01/2022 21:55,2022
1133,1887,31/03/2022 04:26,2022
1731,1887,31/03/2022 04:26,2022
1157,1875,21/10/2022 22:59,2022
2888,579,08/07/2022 17:39,2022
1437,589,25/11/2022 02:43,2022
2740,621,21/06/2022 17:15,2022
1713,639,28/09/2022 07:31,2022
1303,733,28/03/2022 06:26,2022
1303,918,21/09/2022 19:16,2022
1303,925,25/10/2022 17:40,2022
1303,1142,17/02/2022 17:17,2022
2169,1142,17/02/2022 17:17,2022
1303,1231,02/07/2022 05:30,2022
1303,1739,03/05/2022 11:23,2022
1303,1821,30/06/2022 12:25,2022
1362,686,10/01/2022 18:32,2022
1319,1331,13/06/2022 13:49,2022
1603,732,18/02/2022 22:17,2022
1405,868,19/10/2022 14:31,2022
1438,1461,09/03/2022 21:44,2022
1713,1461,09/03/2022 21:44,2022
1731,1461,09/03/2022 21:44,2022
2401,1461,09/03/2022 21:44,2022
2306,993,23/08/2022 14:13,2022
1713,1072,26/10/2022 15:17,2022
1731,1072,26/10/2022 15:17,2022
1713,1217,06/04/2022 19:38,2022
1896,1245,12/07/2022 16:20,2022
1589,964,30/04/2022 18:23,2022
3288,1733,14/04/2022 19:25,2022
1701,1822,22/11/2022 02:35,2022
2795,1008,09/11/2022 17:24,2022
1991,1050,07/11/2022 10:37,2022
3014,1153,21/11/2022 17:46,2022
1713,1226,29/09/2022 17:05,2022
2834,1226,29/09/2022 17:05,2022
3365,1226,29/09/2022 17:05,2022
1996,1203,01/12/2022 20:18,2022
2804,1203,01/12/2022 20:18,2022
3331,1250,22/03/2022 00:44,2022
1773,1939,29/06/2022 02:11,2022
2972,1274,25/04/2022 17:36,2022
2270,1315,22/03/2022 16:58,2022
2527,1316,23/05/2022 07:54,2022
2588,1320,22/10/2022 16:57,2022
2105,1684,14/12/2022 05:36,2022
3288,1684,14/12/2022 05:36,2022
2989,1487,25/05/2022 15:35,2022
3159,1721,17/08/2022 09:15,2022
3374,1819,23/05/2022 23:06,2022
1432,2003,19/05/2022 21:05,2022
2294,2010,13/10/2022 08:27,2022
3485,2011,17/10/2022 18:59,2022
201,2044,02/06/2022 17:35,2022
2176,2044,02/06/2022 17:35,2022
2384,2044,02/06/2022 17:35,2022
204,2176,18/03/2022 15:36,2022
1036,2176,18/03/2022 15:36,2022
1135,2176,18/03/2022 15:36,2022
2363,2176,18/03/2022 15:36,2022
985,2184,23/05/2022 16:05,2022
1432,2184,23/05/2022 16:05,2022
1731,2184,23/05/2022 16:05,2022
2740,2184,23/05/2022 16:05,2022
1406,2191,21/07/2022 16:05,2022
1699,2191,21/07/2022 16:05,2022
708,2194,21/09/2022 17:33,2022
2299,2201,31/10/2022 13:26,2022
204,2202,01/11/2022 06:10,2022
2270,2277,17/06/2022 10:21,2022
303,2278,29/06/2022 18:16,2022
3288,2278,29/06/2022 18:16,2022
3294,2278,29/06/2022 18:16,2022
1807,2454,23/02/2022 20:17,2022
2371,2454,23/02/2022 20:17,2022
5,2455,15/03/2022 01:07,2022
3288,2455,15/03/2022 01:07,2022
201,2456,05/04/2022 10:04,2022
1793,2459,08/04/2022 21:28,2022
1505,2460,13/04/2022 09:42,2022
2365,2461,24/04/2022 05:36,2022
48,2462,26/04/2022 05:30,2022
3108,2462,26/04/2022 05:30,2022
505,2464,03/05/2022 14:58,2022
1109,2464,03/05/2022 14:58,2022
1303,2464,03/05/2022 14:58,2022
3293,2464,03/05/2022 14:58,2022
3335,2476,30/09/2022 22:53,2022
3097,2480,29/10/2022 14:57,2022
1028,2483,26/11/2022 15:22,2022
1142,2483,26/11/2022 15:22,2022
1329,2483,26/11/2022 15:22,2022
1787,2483,26/11/2022 15:22,2022
2740,2483,26/11/2022 15:22,2022
3288,2483,26/11/2022 15:22,2022
3347,2483,26/11/2022 15:22,2022
1302,2484,25/11/2022 08:49,2022
335,2486,19/12/2022 17:42,2022
631,2486,19/12/2022 17:42,2022
854,2486,19/12/2022 17:42,2022
1078,2486,19/12/2022 17:42,2022
1133,2486,19/12/2022 17:42,2022
1310,2486,19/12/2022 17:42,2022
1549,2486,19/12/2022 17:42,2022
1751,2486,19/12/2022 17:42,2022
1877,2486,19/12/2022 17:42,2022
1993,2486,19/12/2022 17:42,2022
2096,2486,19/12/2022 17:42,2022
2583,2486,19/12/2022 17:42,2022
2701,2540,10/01/2022 13:57,2022
1694,2543,11/04/2022 05:06,2022
1991,2547,14/10/2022 08:45,2022
2989,2548,23/10/2022 09:34,2022
2648,2549,03/12/2022 16:40,2022
3331,2574,04/02/2022 21:29,2022
468,2593,22/05/2022 14:54,2022
2806,2601,08/12/2022 21:58,2022
3288,2655,07/07/2022 13:15,2022
3355,2710,05/04/2022 22:23,2022
1962,2726,02/05/2022 12:53,2022
2383,2909,08/01/2022 12:18,2022
708,2926,10/07/2022 13:38,2022
2094,2926,10/07/2022 13:38,2022
3013,2926,10/07/2022 13:38,2022
48,2930,10/10/2022 18:25,2022
2778,2932,18/10/2022 04:44,2022
2778,2935,18/10/2022 04:33,2022
132,2961,19/04/2022 05:18,2022
1341,3023,01/12/2022 15:24,2022
3288,3023,01/12/2022 15:24,2022
28,3024,13/12/2022 14:38,2022
48,3024,13/12/2022 14:38,2022
162,3024,13/12/2022 14:38,2022
995,3024,13/12/2022 14:38,2022
1036,3024,13/12/2022 14:38,2022
1292,3024,13/12/2022 14:38,2022
1342,3024,13/12/2022 14:38,2022
2032,3024,13/12/2022 14:38,2022
2345,3024,13/12/2022 14:38,2022
2371,3024,13/12/2022 14:38,2022
3054,3024,13/12/2022 14:38,2022
1793,3165,10/02/2022 14:46,2022
1303,3167,07/03/2022 20:23,2022
502,3172,26/07/2022 00:21,2022
814,3172,26/07/2022 00:21,2022
932,3172,26/07/2022 00:21,2022
2989,3172,26/07/2022 00:21,2022
3049,3172,26/07/2022 00:21,2022
3286,3172,26/07/2022 00:21,2022
577,3178,20/10/2022 18:59,2022
1916,3180,27/10/2022 08:18,2022
2525,3180,27/10/2022 08:18,2022
3384,3180,27/10/2022 08:18,2022
1349,3184,23/11/2022 18:59,2022
2297,3184,23/11/2022 18:59,2022
934,3240,09/05/2022 05:25,2022
1713,3242,14/09/2022 16:30,2022
2804,3244,09/10/2022 14:53,2022
303,3429,10/01/2022 22:33,2022
2149,3432,09/02/2022 09:01,2022
303,3437,28/03/2022 05:57,2022
2036,3442,04/05/2022 22:56,2022
2740,3442,04/05/2022 22:56,2022
2383,3443,05/05/2022 17:01,2022
259,3446,12/05/2022 14:11,2022
2041,3450,25/05/2022 03:51,2022
933,3451,25/05/2022 09:57,2022
303,3452,25/05/2022 12:49,2022
1713,3452,25/05/2022 12:49,2022
1865,3452,25/05/2022 12:49,2022
911,3454,09/06/2022 14:49,2022
3288,3454,09/06/2022 14:49,2022
1194,3457,16/06/2022 19:54,2022
2383,3457,16/06/2022 19:54,2022
3347,3457,16/06/2022 19:54,2022
1019,3459,24/06/2022 14:45,2022
3291,3459,24/06/2022 14:45,2022
1432,3461,28/06/2022 15:57,2022
502,3463,02/07/2022 10:50,2022
435,3471,03/09/2022 02:29,2022
3412,3476,26/08/2022 01:01,2022
708,3477,25/09/2022 22:41,2022
1694,3477,25/09/2022 22:41,2022
2439,3477,25/09/2022 22:41,2022
1438,3478,03/10/2022 18:17,2022
1783,3478,03/10/2022 18:17,2022
2092,3478,03/10/2022 18:17,2022
303,3481,12/10/2022 13:53,2022
3415,3482,13/10/2022 16:01,2022
1303,3484,17/10/2022 15:52,2022
2177,3484,17/10/2022 15:52,2022
2590,3484,17/10/2022 15:52,2022
3135,3484,17/10/2022 15:52,2022
1194,3486,21/10/2022 19:01,2022
2110,3487,21/10/2022 22:28,2022
2036,3488,24/10/2022 20:59,2022
911,3491,04/11/2022 12:42,2022
3288,3491,04/11/2022 12:42,2022
1113,3492,04/11/2022 16:28,2022
1713,3492,04/11/2022 16:28,2022
3347,3492,04/11/2022 16:28,2022
1245,3500,20/12/2022 16:29,2022
2550,3500,20/12/2022 16:29,2022
1581,134,16/05/2022 06:42,2022
1581,1935,23/07/2022 04:19,2022
1581,1347,14/12/2022 09:25,2022
1581,1484,21/04/2022 01:04,2022
1581,1893,02/02/2022 14:28,2022
1581,923,07/04/2022 05:57,2022
1581,1405,15/04/2022 14:02,2022
1581,941,25/05/2022 12:52,2022
1581,1459,03/01/2022 17:17,2022
1581,1202,13/11/2022 18:59,2022
1581,1870,21/04/2022 19:51,2022
1581,534,16/12/2022 00:15,2022
1581,556,23/06/2022 15:09,2022
1581,1555,28/01/2022 21:55,2022
1581,579,08/07/2022 17:39,2022
1581,639,28/09/2022 07:31,2022
1581,918,21/09/2022 19:16,2022
1581,1142,17/02/2022 17:17,2022
1581,1231,02/07/2022 05:30,2022
1581,1821,30/06/2022 12:25,2022
1581,868,19/10/2022 14:31,2022
1581,1461,09/03/2022 21:44,2022
1581,943,06/10/2022 08:39,2022
1581,993,23/08/2022 14:13,2022
1581,1072,26/10/2022 15:17,2022
1581,1217,06/04/2022 19:38,2022
1581,1218,04/06/2022 16:39,2022
1581,1245,12/07/2022 16:20,2022
1581,1385,30/11/2022 03:45,2022
1581,1558,27/04/2022 06:43,2022
1581,1629,25/11/2022 05:14,2022
1581,1682,31/03/2022 10:00,2022
1581,1718,10/01/2022 05:44,2022
1581,1724,13/10/2022 06:10,2022
1581,1733,14/04/2022 19:25,2022
1581,1741,18/10/2022 11:03,2022
1581,1816,05/01/2022 16:54,2022
1581,1822,22/11/2022 02:35,2022
1581,1928,16/08/2022 17:32,2022
1581,1997,14/01/2022 16:04,2022
1581,2000,25/04/2022 13:16,2022
1581,2044,02/06/2022 17:35,2022
1581,2045,06/06/2022 09:45,2022
1581,2178,29/03/2022 11:25,2022
1581,2184,23/05/2022 16:05,2022
1581,2277,17/06/2022 10:21,2022
1581,2459,08/04/2022 21:28,2022
1581,2464,03/05/2022 14:58,2022
1581,2540,10/01/2022 13:57,2022
1581,2543,11/04/2022 05:06,2022
1581,2593,22/05/2022 14:54,2022
1581,2601,08/12/2022 21:58,2022
1581,2710,05/04/2022 22:23,2022
1581,2726,02/05/2022 12:53,2022
1581,2926,10/07/2022 13:38,2022
1581,2961,19/04/2022 05:18,2022
1581,2992,29/08/2022 05:16,2022
1581,3023,01/12/2022 15:24,2022
1581,3024,13/12/2022 14:38,2022
1581,3170,06/04/2022 19:17,2022
1581,3172,26/07/2022 00:21,2022
1581,3177,16/10/2022 14:31,2022
1581,3241,12/09/2022 16:06,2022
1581,3242,14/09/2022 16:30,2022
1581,3248,28/10/2022 15:21,2022
1581,3430,11/01/2022 22:53,2022
1581,3445,07/05/2022 15:50,2022
1581,3454,09/06/2022 14:49,2022
1581,3457,16/06/2022 19:54,2022
1581,3476,26/08/2022 01:01,2022
1581,3477,25/09/2022 22:41,2022
1581,3484,17/10/2022 15:52,2022
1581,3488,24/10/2022 20:59,2022
1581,1131,09/07/2021 18:11,2021
1581,404,22/03/2021 15:34,2021
1581,1199,30/04/2021 03:24,2021
1581,110,18/01/2021 09:23,2021
1581,1783,12/08/2021 18:59,2021
1581,1283,08/07/2021 14:49,2021
1581,1040,20/03/2021 02:28,2021
1581,185,21/06/2021 08:38,2021
1581,1814,07/07/2021 02:50,2021
1581,985,28/12/2021 14:54,2021
1581,213,13/02/2021 19:34,2021
1581,237,07/02/2021 18:54,2021
1581,271,26/03/2021 16:43,2021
1581,1681,05/10/2021 04:37,2021
1581,1485,01/03/2021 04:13,2021
1581,385,13/04/2021 23:34,2021
1581,396,17/09/2021 02:12,2021
1581,1454,09/07/2021 12:47,2021
1581,416,05/10/2021 05:44,2021
1581,418,28/11/2021 20:26,2021
1581,437,04/06/2021 05:25,2021
1581,1593,21/03/2021 14:22,2021
1581,507,06/05/2021 02:28,2021
1581,1028,07/02/2021 07:37,2021
1581,525,27/03/2021 16:41,2021
1581,542,01/09/2021 16:40,2021
1581,575,20/11/2021 02:45,2021
1581,1614,01/10/2021 09:51,2021
1581,663,29/04/2021 08:13,2021
1581,1312,30/08/2021 09:11,2021
1581,856,19/02/2021 02:08,2021
1581,895,30/08/2021 13:29,2021
1581,1080,23/03/2021 19:09,2021
1581,1136,18/10/2021 09:20,2021
1581,1138,04/11/2021 13:09,2021
1581,1265,30/05/2021 14:02,2021
1581,1266,31/08/2021 19:07,2021
1581,1311,21/05/2021 04:59,2021
1581,1439,24/02/2021 18:57,2021
1581,1552,20/08/2021 00:32,2021
1581,1679,11/04/2021 08:55,2021
1581,1701,01/05/2021 05:41,2021
1581,1706,06/03/2021 08:39,2021
1581,1815,26/08/2021 17:34,2021
1581,1886,29/11/2021 17:05,2021
1581,2062,06/08/2021 13:45,2021
1581,2122,22/12/2021 05:04,2021
1581,2159,15/06/2021 15:28,2021
1581,2161,12/07/2021 11:14,2021
1581,2169,16/10/2021 04:27,2021
1581,2263,19/10/2021 20:45,2021
1581,2272,02/06/2021 17:05,2021
1581,2295,24/12/2021 03:33,2021
1581,2305,30/07/2021 04:41,2021
1581,2306,08/09/2021 10:02,2021
1581,2444,10/09/2021 09:46,2021
1581,2533,08/01/2021 20:11,2021
1581,2539,20/10/2021 09:42,2021
1581,2569,26/11/2021 03:16,2021
1581,2649,18/11/2021 07:46,2021
1581,2890,24/02/2021 18:36,2021
1581,2904,11/09/2021 18:15,2021
1581,3154,09/02/2021 15:52,2021
1581,3164,22/10/2021 11:33,2021
1581,3230,08/02/2021 18:37,2021
1581,3231,09/02/2021 04:58,2021
1581,3235,23/06/2021 19:12,2021
1581,3340,07/12/2021 10:47,2021
1581,3388,25/02/2021 19:28,2021
1581,3391,05/05/2021 14:05,2021
1581,3394,20/05/2021 10:10,2021
1581,3410,14/09/2021 18:53,2021
1581,3426,10/11/2021 12:33,2021
11,1866,15/09/2021 09:00,2021
204,1866,15/09/2021 09:00,2021
272,1866,15/09/2021 09:00,2021
316,1866,15/09/2021 09:00,2021
434,1866,15/09/2021 09:00,2021
48,148,31/01/2021 07:56,2021
303,148,31/01/2021 07:56,2021
1302,148,31/01/2021 07:56,2021
3288,148,31/01/2021 07:56,2021
692,14,20/04/2021 02:35,2021
1303,14,20/04/2021 02:35,2021
48,671,01/02/2021 14:44,2021
303,671,01/02/2021 14:44,2021
1011,671,01/02/2021 14:44,2021
83,19,19/04/2021 07:16,2021
48,746,06/04/2021 12:57,2021
48,1029,21/06/2021 11:03,2021
303,1029,21/06/2021 11:03,2021
48,1132,10/09/2021 14:34,2021
86,259,22/08/2021 19:28,2021
2089,259,22/08/2021 19:28,2021
2582,259,22/08/2021 19:28,2021
3288,259,22/08/2021 19:28,2021
130,307,23/01/2021 06:12,2021
133,1131,09/07/2021 18:11,2021
1745,1131,09/07/2021 18:11,2021
201,555,13/11/2021 19:54,2021
1303,555,13/11/2021 19:54,2021
1498,555,13/11/2021 19:54,2021
201,1867,18/10/2021 03:01,2021
502,1867,18/10/2021 03:01,2021
1303,1867,18/10/2021 03:01,2021
2867,1867,18/10/2021 03:01,2021
204,404,22/03/2021 15:34,2021
1303,404,22/03/2021 15:34,2021
2820,404,22/03/2021 15:34,2021
204,546,13/10/2021 15:03,2021
204,648,01/01/2021 09:28,2021
708,648,01/01/2021 09:28,2021
1738,648,01/01/2021 09:28,2021
2527,648,01/01/2021 09:28,2021
204,1087,22/06/2021 22:25,2021
204,1199,30/04/2021 03:24,2021
1230,95,13/07/2021 14:10,2021
1303,95,13/07/2021 14:10,2021
1700,95,13/07/2021 14:10,2021
715,110,18/01/2021 09:23,2021
3288,110,18/01/2021 09:23,2021
284,1783,12/08/2021 18:59,2021
303,159,13/08/2021 14:10,2021
502,159,13/08/2021 14:10,2021
303,274,13/07/2021 14:09,2021
386,274,13/07/2021 14:09,2021
750,274,13/07/2021 14:09,2021
1079,274,13/07/2021 14:09,2021
1539,274,13/07/2021 14:09,2021
2962,274,13/07/2021 14:09,2021
303,1243,09/01/2021 04:55,2021
2134,1243,09/01/2021 04:55,2021
3288,1243,09/01/2021 04:55,2021
313,467,28/08/2021 21:29,2021
708,467,28/08/2021 21:29,2021
1738,467,28/08/2021 21:29,2021
2582,467,28/08/2021 21:29,2021
315,1283,08/07/2021 14:49,2021
708,1283,08/07/2021 14:49,2021
321,1040,20/03/2021 02:28,2021
327,1040,20/03/2021 02:28,2021
343,1040,20/03/2021 02:28,2021
550,1040,20/03/2021 02:28,2021
2299,1040,20/03/2021 02:28,2021
2819,1040,20/03/2021 02:28,2021
3068,1040,20/03/2021 02:28,2021
343,1010,16/04/2021 04:46,2021
361,1010,16/04/2021 04:46,2021
3097,184,12/04/2021 07:33,2021
361,877,30/03/2021 23:10,2021
361,1814,07/07/2021 02:50,2021
690,1814,07/07/2021 02:50,2021
1021,1814,07/07/2021 02:50,2021
2355,1814,07/07/2021 02:50,2021
2357,1814,07/07/2021 02:50,2021
2820,1814,07/07/2021 02:50,2021
3015,1814,07/07/2021 02:50,2021
3365,1814,07/07/2021 02:50,2021
362,985,28/12/2021 14:54,2021
1100,985,28/12/2021 14:54,2021
1120,985,28/12/2021 14:54,2021
1432,985,28/12/2021 14:54,2021
2102,985,28/12/2021 14:54,2021
2131,985,28/12/2021 14:54,2021
2363,985,28/12/2021 14:54,2021
1444,213,13/02/2021 19:34,2021
446,1377,04/10/2021 12:33,2021
466,436,30/01/2021 11:53,2021
715,436,30/01/2021 11:53,2021
2428,242,22/10/2021 19:47,2021
502,349,24/06/2021 15:18,2021
502,369,10/09/2021 14:44,2021
3288,369,10/09/2021 14:44,2021
502,1592,11/03/2021 11:59,2021
751,1592,11/03/2021 11:59,2021
2370,1592,11/03/2021 11:59,2021
3288,1592,11/03/2021 11:59,2021
502,1681,05/10/2021 04:37,2021
1036,1681,05/10/2021 04:37,2021
1303,1681,05/10/2021 04:37,2021
1329,1681,05/10/2021 04:37,2021
1530,1681,05/10/2021 04:37,2021
1541,1681,05/10/2021 04:37,2021
1952,1681,05/10/2021 04:37,2021
3288,1681,05/10/2021 04:37,2021
3347,1681,05/10/2021 04:37,2021
519,1046,10/09/2021 02:04,2021
519,1813,22/05/2021 22:48,2021
708,1813,22/05/2021 22:48,2021
1194,1813,22/05/2021 22:48,2021
1738,1813,22/05/2021 22:48,2021
2097,1813,22/05/2021 22:48,2021
2870,1813,22/05/2021 22:48,2021
551,1485,01/03/2021 04:13,2021
1340,1485,01/03/2021 04:13,2021
690,1986,05/02/2021 08:56,2021
708,765,12/10/2021 12:13,2021
2527,765,12/10/2021 12:13,2021
708,1133,16/09/2021 04:08,2021
1699,1133,16/09/2021 04:08,2021
1738,1133,16/09/2021 04:08,2021
708,1135,25/09/2021 12:51,2021
2648,377,29/09/2021 13:59,2021
2795,377,29/09/2021 13:59,2021
2036,385,13/04/2021 23:34,2021
3376,403,26/01/2021 15:11,2021
762,1454,09/07/2021 12:47,2021
2092,1454,09/07/2021 12:47,2021
792,1985,11/01/2021 21:19,2021
1019,1985,11/01/2021 21:19,2021
3096,416,05/10/2021 05:44,2021
3288,416,05/10/2021 05:44,2021
822,743,27/11/2021 06:32,2021
1793,743,27/11/2021 06:32,2021
901,418,28/11/2021 20:26,2021
995,1342,10/11/2021 12:35,2021
1036,1342,10/11/2021 12:35,2021
2032,1342,10/11/2021 12:35,2021
1019,1593,21/03/2021 14:22,2021
1303,496,11/08/2021 14:06,2021
3125,496,11/08/2021 14:06,2021
1036,572,10/09/2021 09:15,2021
1194,507,06/05/2021 02:28,2021
1303,507,06/05/2021 02:28,2021
1036,1028,07/02/2021 07:37,2021
2099,1028,07/02/2021 07:37,2021
2701,1028,07/02/2021 07:37,2021
2778,1028,07/02/2021 07:37,2021
2781,1028,07/02/2021 07:37,2021
3288,1028,07/02/2021 07:37,2021
1793,525,27/03/2021 16:41,2021
1713,575,20/11/2021 02:45,2021
1194,1730,09/03/2021 19:39,2021
2646,1730,09/03/2021 19:39,2021
1232,1614,01/10/2021 09:51,2021
1329,1614,01/10/2021 09:51,2021
1438,1614,01/10/2021 09:51,2021
1541,1614,01/10/2021 09:51,2021
1731,1614,01/10/2021 09:51,2021
2110,1614,01/10/2021 09:51,2021
2147,1614,01/10/2021 09:51,2021
3288,1614,01/10/2021 09:51,2021
3347,1614,01/10/2021 09:51,2021
1303,1312,30/08/2021 09:11,2021
2091,1312,30/08/2021 09:11,2021
2982,1312,30/08/2021 09:11,2021
1303,1456,22/09/2021 18:18,2021
1432,1086,03/05/2021 15:45,2021
1438,1715,19/09/2021 16:49,2021
2401,1715,19/09/2021 16:49,2021
1438,1812,13/05/2021 19:57,2021
2855,823,08/07/2021 23:15,2021
1731,895,30/08/2021 13:29,2021
2785,1080,23/03/2021 19:09,2021
2630,912,26/04/2021 23:05,2021
3096,1266,31/08/2021 19:07,2021
3288,1266,31/08/2021 19:07,2021
2901,1815,26/08/2021 17:34,2021
3379,1886,29/11/2021 17:05,2021
2894,997,17/08/2021 00:15,2021
1746,1045,30/07/2021 18:40,2021
1613,1139,07/12/2021 05:13,2021
1713,1509,06/05/2021 16:15,2021
1731,1235,27/06/2021 22:11,2021
2745,1235,27/06/2021 22:11,2021
2868,1273,03/05/2021 07:50,2021
3108,1273,03/05/2021 07:50,2021
2089,1290,28/01/2021 13:05,2021
2096,1549,11/05/2021 09:06,2021
3288,1549,11/05/2021 09:06,2021
2097,1996,07/10/2021 19:29,2021
2383,1987,16/02/2021 09:18,2021
2989,1987,16/02/2021 09:18,2021
3288,1607,20/02/2021 07:31,2021
2680,1926,21/11/2021 05:48,2021
2749,1926,21/11/2021 05:48,2021
889,2056,23/03/2021 22:38,2021
2036,2056,23/03/2021 22:38,2021
2099,2056,23/03/2021 22:38,2021
2527,2056,23/03/2021 22:38,2021
1793,2062,06/08/2021 13:45,2021
1773,2122,22/12/2021 05:04,2021
2982,2122,22/12/2021 05:04,2021
1194,2152,07/03/2021 16:02,2021
2089,2152,07/03/2021 16:02,2021
2383,2156,04/05/2021 05:08,2021
2036,2157,08/06/2021 18:49,2021
1303,2159,15/06/2021 15:28,2021
2036,2159,15/06/2021 15:28,2021
303,2161,12/07/2021 11:14,2021
1303,2169,16/10/2021 04:27,2021
1438,2169,16/10/2021 04:27,2021
2110,2169,16/10/2021 04:27,2021
2147,2169,16/10/2021 04:27,2021
3335,2169,16/10/2021 04:27,2021
3347,2169,16/10/2021 04:27,2021
1295,2263,19/10/2021 20:45,2021
361,2271,15/12/2021 04:20,2021
1713,2271,15/12/2021 04:20,2021
2092,2271,15/12/2021 04:20,2021
101,2275,29/11/2021 17:07,2021
1793,2303,11/05/2021 03:40,2021
395,2305,30/07/2021 04:41,2021
2292,2305,30/07/2021 04:41,2021
48,2306,08/09/2021 10:02,2021
303,2306,08/09/2021 10:02,2021
343,2306,08/09/2021 10:02,2021
1793,2306,08/09/2021 10:02,2021
3109,2306,08/09/2021 10:02,2021
434,2320,05/04/2021 16:14,2021
327,2435,01/03/2021 01:00,2021
1773,2435,01/03/2021 01:00,2021
2636,2435,01/03/2021 01:00,2021
3061,2435,01/03/2021 01:00,2021
1957,2437,06/03/2021 06:26,2021
1036,2441,09/06/2021 19:00,2021
2032,2441,09/06/2021 19:00,2021
1303,2444,10/09/2021 09:46,2021
1371,2449,11/10/2021 18:55,2021
2527,2449,11/10/2021 18:55,2021
1302,2533,08/01/2021 20:11,2021
1773,2569,26/11/2021 03:16,2021
1898,2569,26/11/2021 03:16,2021
2383,2569,26/11/2021 03:16,2021
1731,2649,18/11/2021 07:46,2021
1230,2669,27/12/2021 11:08,2021
48,2684,20/07/2021 19:25,2021
1290,2685,08/09/2021 09:19,2021
3288,2685,08/09/2021 09:19,2021
343,2686,14/10/2021 10:22,2021
1438,2706,14/10/2021 16:23,2021
3288,2706,14/10/2021 16:23,2021
2730,2721,26/06/2021 06:18,2021
3392,2725,15/10/2021 16:28,2021
2102,2888,17/02/2021 17:27,2021
2643,2888,17/02/2021 17:27,2021
2806,2888,17/02/2021 17:27,2021
343,2890,24/02/2021 18:36,2021
738,2890,24/02/2021 18:36,2021
3288,2900,26/08/2021 11:56,2021
3298,2903,08/10/2021 18:10,2021
1713,2904,11/09/2021 18:15,2021
2092,2904,11/09/2021 18:15,2021
1713,2905,08/11/2021 03:54,2021
2092,2905,08/11/2021 03:54,2021
29,2981,15/06/2021 02:05,2021
668,2981,15/06/2021 02:05,2021
1019,3017,29/05/2021 22:05,2021
3288,3017,29/05/2021 22:05,2021
204,3062,14/01/2021 16:42,2021
2401,3154,09/02/2021 15:52,2021
327,3156,17/05/2021 15:17,2021
1793,3156,17/05/2021 15:17,2021
2422,3156,17/05/2021 15:17,2021
2352,3158,10/06/2021 21:42,2021
1230,3160,31/07/2021 19:54,2021
1303,3162,13/09/2021 05:08,2021
3392,3162,13/09/2021 05:08,2021
708,3233,02/06/2021 12:50,2021
1036,3233,02/06/2021 12:50,2021
2582,3233,02/06/2021 12:50,2021
2092,3235,23/06/2021 19:12,2021
1303,3335,12/04/2021 22:50,2021
1745,3335,12/04/2021 22:50,2021
2110,3335,12/04/2021 22:50,2021
2114,3335,12/04/2021 22:50,2021
1448,3340,07/12/2021 10:47,2021
3304,3388,25/02/2021 19:28,2021
1438,3395,21/05/2021 13:27,2021
1208,3399,27/06/2021 08:54,2021
204,3406,18/08/2021 21:17,2021
2646,3413,15/09/2021 11:42,2021
3325,3415,19/09/2021 20:00,2021
2645,3417,28/09/2021 05:43,2021
2187,3425,27/10/2021 04:29,2021
1194,3426,10/11/2021 12:33,2021
1975,3427,28/11/2021 11:48,2021
20,201,21/04/2020 17:56,2020
20,1505,07/07/2020 20:28,2020
48,395,24/08/2020 22:54,2020
1793,395,24/08/2020 22:54,2020
162,995,08/05/2020 17:42,2020
2371,995,08/05/2020 17:42,2020
2771,995,08/05/2020 17:42,2020
204,707,05/03/2020 20:42,2020
708,707,05/03/2020 20:42,2020
709,707,05/03/2020 20:42,2020
1194,707,05/03/2020 20:42,2020
2582,707,05/03/2020 20:42,2020
1581,86,30/09/2020 02:52,2020
2089,86,30/09/2020 02:52,2020
3288,86,30/09/2020 02:52,2020
204,715,19/01/2020 09:29,2020
204,800,13/03/2020 22:24,2020
521,800,13/03/2020 22:24,2020
204,1119,01/05/2020 13:22,2020
3288,107,08/05/2020 02:16,2020
287,759,11/07/2020 23:56,2020
427,131,25/09/2020 20:52,2020
551,131,25/09/2020 20:52,2020
1581,132,22/06/2020 22:56,2020
3043,180,08/01/2020 11:44,2020
362,405,10/04/2020 21:18,2020
1079,405,10/04/2020 21:18,2020
1081,223,15/10/2020 15:09,2020
1198,223,15/10/2020 15:09,2020
708,240,01/05/2020 12:29,2020
483,661,23/10/2020 12:22,2020
502,661,23/10/2020 12:22,2020
874,661,23/10/2020 12:22,2020
1019,661,23/10/2020 12:22,2020
1299,661,23/10/2020 12:22,2020
1438,661,23/10/2020 12:22,2020
1601,661,23/10/2020 12:22,2020
3288,661,23/10/2020 12:22,2020
502,1448,29/05/2020 17:54,2020
3382,1448,29/05/2020 17:54,2020
1581,272,13/06/2020 19:53,2020
502,1693,28/10/2020 15:15,2020
1019,1693,28/10/2020 15:15,2020
1329,1693,28/10/2020 15:15,2020
1581,1693,28/10/2020 15:15,2020
2401,1693,28/10/2020 15:15,2020
3288,1693,28/10/2020 15:15,2020
3347,1693,28/10/2020 15:15,2020
3325,289,22/07/2020 14:44,2020
554,568,22/10/2020 13:22,2020
1303,568,22/10/2020 13:22,2020
2582,568,22/10/2020 13:22,2020
3288,303,16/03/2020 09:05,2020
708,554,02/06/2020 12:57,2020
1303,554,02/06/2020 12:57,2020
708,566,07/06/2020 19:48,2020
709,566,07/06/2020 19:48,2020
1581,566,07/06/2020 19:48,2020
3288,566,07/06/2020 19:48,2020
3347,566,07/06/2020 19:48,2020
708,911,27/08/2020 10:36,2020
1303,911,27/08/2020 10:36,2020
2582,911,27/08/2020 10:36,2020
2084,358,25/11/2020 10:45,2020
3289,358,25/11/2020 10:45,2020
708,1397,07/07/2020 22:57,2020
1364,1397,07/07/2020 22:57,2020
708,1603,21/09/2020 18:47,2020
1581,1603,21/09/2020 18:47,2020
1738,1603,21/09/2020 18:47,2020
2089,1603,21/09/2020 18:47,2020
1581,368,19/04/2020 17:28,2020
2036,368,19/04/2020 17:28,2020
708,1699,11/09/2020 13:21,2020
1303,1699,11/09/2020 13:21,2020
1738,1699,11/09/2020 13:21,2020
2089,1699,11/09/2020 13:21,2020
748,1864,23/10/2020 06:37,2020
1082,1864,23/10/2020 06:37,2020
750,1307,03/08/2020 11:43,2020
1773,406,24/12/2020 17:24,2020
851,413,07/07/2020 21:01,2020
1581,413,07/07/2020 21:01,2020
889,432,11/02/2020 16:17,2020
1302,434,17/10/2020 01:45,2020
1303,434,17/10/2020 01:45,2020
1581,434,17/10/2020 01:45,2020
1713,434,17/10/2020 01:45,2020
2092,434,17/10/2020 01:45,2020
2401,434,17/10/2020 01:45,2020
1106,1084,21/10/2020 17:32,2020
1119,1984,17/12/2020 18:44,2020
1581,1984,17/12/2020 18:44,2020
3288,563,13/02/2020 10:09,2020
1121,1221,18/09/2020 14:04,2020
1581,1221,18/09/2020 14:04,2020
1793,1221,18/09/2020 14:04,2020
1916,1221,18/09/2020 14:04,2020
3288,1221,18/09/2020 14:04,2020
1262,565,24/04/2020 23:10,2020
2383,567,03/08/2020 19:14,2020
1172,630,06/03/2020 08:18,2020
1197,1449,15/10/2020 20:09,2020
1581,1449,15/10/2020 20:09,2020
2701,1449,15/10/2020 20:09,2020
1303,603,14/02/2020 01:04,2020
1581,612,27/08/2020 16:25,2020
2820,612,27/08/2020 16:25,2020
1302,1373,06/12/2020 09:30,2020
1581,1373,06/12/2020 09:30,2020
1302,1982,08/10/2020 21:26,2020
1581,1982,08/10/2020 21:26,2020
1303,690,31/07/2020 01:04,2020
1581,690,31/07/2020 01:04,2020
2092,690,31/07/2020 01:04,2020
1303,1057,18/08/2020 02:32,2020
1581,1057,18/08/2020 02:32,2020
1303,1541,16/03/2020 15:22,2020
2036,1541,16/03/2020 15:22,2020
2821,683,05/08/2020 14:07,2020
3331,727,03/07/2020 23:22,2020
3288,761,23/10/2020 20:17,2020
1738,792,18/09/2020 10:30,2020
2989,855,06/11/2020 11:00,2020
1581,1309,10/12/2020 01:27,2020
1581,1370,06/08/2020 06:12,2020
1962,1370,06/08/2020 06:12,2020
1581,1402,08/12/2020 09:30,2020
2089,1402,08/12/2020 09:30,2020
3288,1402,08/12/2020 09:30,2020
1581,1598,13/05/2020 22:06,2020
1581,1745,14/10/2020 12:31,2020
2991,1745,14/10/2020 12:31,2020
3288,1003,11/03/2020 21:04,2020
3349,1082,14/06/2020 05:27,2020
2089,1107,09/03/2020 21:30,2020
2089,1121,26/05/2020 06:05,2020
2097,1121,26/05/2020 06:05,2020
2806,1194,28/02/2020 22:59,2020
1962,1671,06/03/2020 09:46,2020
2089,1809,23/07/2020 17:03,2020
2806,1809,23/07/2020 17:03,2020
3288,1809,23/07/2020 17:03,2020
3306,1809,23/07/2020 17:03,2020
2091,1676,03/07/2020 18:43,2020
2524,1599,21/05/2020 14:55,2020
361,2033,03/03/2020 00:55,2020
1581,2033,03/03/2020 00:55,2020
1713,2033,03/03/2020 00:55,2020
2360,2033,03/03/2020 00:55,2020
3325,2033,03/03/2020 00:55,2020
290,2058,16/09/2020 15:36,2020
343,2058,16/09/2020 15:36,2020
994,2058,16/09/2020 15:36,2020
1793,2058,16/09/2020 15:36,2020
2089,2058,16/09/2020 15:36,2020
2090,2058,16/09/2020 15:36,2020
2989,2058,16/09/2020 15:36,2020
1036,2116,19/05/2020 05:18,2020
1303,2116,19/05/2020 05:18,2020
1581,2116,19/05/2020 05:18,2020
1962,2116,19/05/2020 05:18,2020
362,2131,10/06/2020 10:55,2020
456,2131,10/06/2020 10:55,2020
1432,2131,10/06/2020 10:55,2020
836,2132,05/09/2020 16:40,2020
1303,2132,05/09/2020 16:40,2020
1581,2132,05/09/2020 16:40,2020
1581,2134,01/10/2020 15:48,2020
891,2140,26/10/2020 08:00,2020
228,2145,14/11/2020 12:02,2020
1019,2145,14/11/2020 12:02,2020
204,2397,28/02/2020 09:44,2020
3347,2397,28/02/2020 09:44,2020
343,2417,31/05/2020 23:34,2020
431,2417,31/05/2020 23:34,2020
874,2417,31/05/2020 23:34,2020
1299,2417,31/05/2020 23:34,2020
2384,2417,31/05/2020 23:34,2020
321,2422,04/10/2020 08:23,2020
327,2422,04/10/2020 08:23,2020
2970,2425,15/10/2020 18:14,2020
1581,2427,25/10/2020 08:13,2020
48,2429,08/12/2020 04:21,2020
1581,2530,02/07/2020 12:30,2020
3288,2530,02/07/2020 12:30,2020
3313,2531,16/11/2020 19:30,2020
121,2631,05/04/2020 18:13,2020
833,2631,05/04/2020 18:13,2020
1773,2636,03/10/2020 13:58,2020
2091,2645,12/08/2020 23:58,2020
1303,2648,20/06/2020 10:06,2020
1581,2648,20/06/2020 10:06,2020
2383,2719,13/10/2020 14:08,2020
1581,2851,31/01/2020 18:14,2020
2807,2854,24/02/2020 20:11,2020
3288,2876,04/09/2020 19:50,2020
1036,2884,07/12/2020 02:18,2020
1193,3009,29/08/2020 00:32,2020
1581,3038,31/07/2020 03:42,2020
2648,3060,20/10/2020 06:42,2020
1289,3119,03/01/2020 15:28,2020
2371,3119,03/01/2020 15:28,2020
1036,3137,19/04/2020 23:07,2020
1581,3137,19/04/2020 23:07,2020
2036,3137,19/04/2020 23:07,2020
3288,3137,19/04/2020 23:07,2020
3347,3137,19/04/2020 23:07,2020
1079,3138,18/06/2020 01:56,2020
1581,3138,18/06/2020 01:56,2020
2363,3142,16/07/2020 05:22,2020
1302,3146,15/10/2020 12:25,2020
708,3227,03/12/2020 17:45,2020
1713,3227,03/12/2020 17:45,2020
1738,3227,03/12/2020 17:45,2020
2582,3227,03/12/2020 17:45,2020
3288,3227,03/12/2020 17:45,2020
1581,3332,10/05/2020 07:12,2020
1962,3332,10/05/2020 07:12,2020
3288,3348,19/03/2020 15:55,2020
3288,3349,23/03/2020 22:07,2020
1036,3350,02/04/2020 16:40,2020
2089,3350,02/04/2020 16:40,2020
1581,3355,28/04/2020 01:06,2020
1581,3358,04/07/2020 08:45,2020
2089,3360,23/07/2020 09:51,2020
2806,3360,23/07/2020 09:51,2020
3288,3360,23/07/2020 09:51,2020
1303,3363,15/09/2020 02:59,2020
1581,3363,15/09/2020 02:59,2020
1581,3365,28/09/2020 06:07,2020
3288,3365,28/09/2020 06:07,2020
708,3369,02/10/2020 18:09,2020
48,3374,19/10/2020 17:56,2020
303,3374,19/10/2020 17:56,2020
361,3376,12/11/2020 11:10,2020
1713,3376,12/11/2020 11:10,2020
2092,3376,12/11/2020 11:10,2020
303,3382,24/12/2020 20:20,2020
1790,2,27/06/2019 14:15,2019
502,34,07/05/2019 22:09,2019
1793,34,07/05/2019 22:09,2019
1522,42,11/05/2019 03:02,2019
204,1042,20/08/2019 16:11,2019
204,1738,11/12/2019 14:59,2019
2097,1738,11/12/2019 14:59,2019
1303,101,27/05/2019 20:44,2019
3288,101,27/05/2019 20:44,2019
502,106,12/03/2019 05:52,2019
343,851,26/08/2019 20:56,2019
933,189,19/04/2019 09:21,2019
1356,189,19/04/2019 09:21,2019
1581,189,19/04/2019 09:21,2019
1581,228,04/10/2019 10:20,2019
3288,228,04/10/2019 10:20,2019
502,489,02/08/2019 02:13,2019
1581,489,02/08/2019 02:13,2019
1105,264,14/04/2019 04:15,2019
502,816,18/01/2019 04:16,2019
2782,816,18/01/2019 04:16,2019
502,1577,28/09/2019 08:45,2019
2989,290,04/11/2019 14:35,2019
1303,412,04/09/2019 03:20,2019
889,659,09/06/2019 20:25,2019
3288,455,18/09/2019 12:14,2019
978,669,05/11/2019 05:14,2019
1581,669,05/11/2019 05:14,2019
2103,669,05/11/2019 05:14,2019
1001,1023,23/06/2019 03:00,2019
1581,522,31/05/2019 14:13,2019
1099,850,23/07/2019 04:11,2019
1172,1670,02/01/2019 08:47,2019
1302,973,09/09/2019 19:00,2019
1302,1354,30/10/2019 02:46,2019
1303,1329,19/04/2019 16:10,2019
2989,678,29/09/2019 12:37,2019
1581,708,10/11/2019 10:46,2019
1738,708,10/11/2019 10:46,2019
2089,708,10/11/2019 10:46,2019
3331,708,10/11/2019 10:46,2019
1433,1596,27/11/2019 19:37,2019
1581,932,10/06/2019 13:17,2019
1581,1306,14/11/2019 23:31,2019
1581,1713,06/04/2019 01:34,2019
3288,1713,06/04/2019 01:34,2019
3288,1035,28/06/2019 05:41,2019
3288,1102,14/10/2019 21:32,2019
3288,1106,07/12/2019 05:30,2019
3288,1113,14/04/2019 16:26,2019
2298,1272,18/11/2019 12:41,2019
1794,1800,06/06/2019 06:04,2019
1795,1801,28/10/2019 20:32,2019
1799,1804,02/02/2019 09:30,2019
1800,1794,06/06/2019 06:04,2019
1801,1795,28/10/2019 20:32,2019
1804,1799,02/02/2019 09:30,2019
2089,1444,25/11/2019 05:46,2019
3288,1444,25/11/2019 05:46,2019
2700,1435,09/12/2019 01:11,2019
2962,1667,17/06/2019 22:53,2019
3288,1854,28/01/2019 19:58,2019
1713,2092,13/06/2019 05:07,2019
1036,2114,28/11/2019 15:38,2019
1581,2114,28/11/2019 15:38,2019
1793,2292,02/08/2019 03:19,2019
1021,2360,04/03/2019 01:37,2019
3288,2360,04/03/2019 01:37,2019
1432,2363,21/06/2019 07:39,2019
362,2380,10/01/2019 12:06,2019
325,2383,04/02/2019 17:14,2019
1581,2387,05/04/2019 14:37,2019
2268,2387,05/04/2019 14:37,2019
2630,2387,05/04/2019 14:37,2019
5,2389,05/08/2019 16:05,2019
77,2389,05/08/2019 16:05,2019
519,2389,05/08/2019 16:05,2019
1713,2389,05/08/2019 16:05,2019
1793,2389,05/08/2019 16:05,2019
3096,2389,05/08/2019 16:05,2019
3288,2389,05/08/2019 16:05,2019
204,2527,01/11/2019 13:09,2019
2806,2527,01/11/2019 13:09,2019
708,2582,15/12/2019 17:50,2019
1303,2582,15/12/2019 17:50,2019
3288,2582,15/12/2019 17:50,2019
3288,2841,10/04/2019 08:44,2019
161,2846,09/11/2019 16:07,2019
442,2847,12/11/2019 14:25,2019
2701,2968,21/09/2019 00:57,2019
3311,2990,24/09/2019 13:29,2019
2989,3049,23/08/2019 21:10,2019
3111,3103,12/06/2019 18:29,2019
1581,3134,29/07/2019 15:42,2019
502,3216,14/10/2019 18:22,2019
1581,3216,14/10/2019 18:22,2019
3289,3296,07/03/2019 09:22,2019
1303,3314,02/12/2019 11:32,2019
1581,3314,02/12/2019 11:32,2019
1713,3314,02/12/2019 11:32,2019
502,3320,08/04/2019 20:18,2019
3288,3320,08/04/2019 20:18,2019
204,3347,29/07/2019 14:25,2019
1581,3347,29/07/2019 14:25,2019
17,421,12/03/1996 08:36,1996
1522,421,12/03/1996 08:36,1996
17,1522,13/03/1996 11:24,1996
1525,16,10/12/2016 00:32,2016
1790,16,10/12/2016 00:32,2016
48,472,31/01/2013 20:21,2013
48,530,21/09/2018 07:02,2018
48,1223,18/04/2017 13:24,2017
1036,1223,18/04/2017 13:24,2017
1422,1223,18/04/2017 13:24,2017
423,43,12/04/2016 06:23,2016
1349,43,12/04/2016 06:23,2016
83,1691,22/04/2018 23:30,2018
502,58,18/04/2015 14:28,2015
187,247,06/01/2015 18:03,2015
1036,68,29/04/2016 12:36,2016
2743,164,20/01/2012 17:35,2012
1793,165,09/08/2018 15:21,2018
442,679,23/11/2018 10:20,2018
3288,679,23/11/2018 10:20,2018
502,445,24/10/2018 14:46,2018
502,848,18/06/2018 19:13,2018
502,1952,02/06/2015 22:30,2015
502,1973,21/11/2018 14:36,2018
3288,1973,21/11/2018 14:36,2018
702,607,11/02/1997 18:59,1997
971,345,02/10/2013 07:15,2013
889,1765,29/11/2018 01:11,2018
1581,1765,29/11/2018 01:11,2018
2035,494,15/01/2014 05:21,2014
1036,834,10/07/2016 19:11,2016
1036,1031,28/11/2015 00:13,2015
1036,1532,11/07/2016 02:20,2016
2701,609,12/11/2015 15:23,2015
2067,645,13/04/1995 06:36,1995
3284,1078,07/10/2016 11:22,2016
1786,1222,22/12/1998 16:33,1998
1791,1357,11/01/2018 18:24,2018
1796,1802,06/08/2018 05:12,2018
3043,1802,06/08/2018 05:12,2018
1797,1803,16/09/2017 21:16,2017
1802,1796,06/08/2018 05:12,2018
3043,1796,06/08/2018 05:12,2018
1803,1797,16/09/2017 21:16,2017
3288,1586,07/11/2018 14:40,2018
3288,1959,27/09/2017 19:18,2017
2806,2089,19/02/2018 22:32,2018
3288,2102,22/08/2018 07:00,2018
502,2123,08/07/2017 17:17,2017
1349,2297,06/07/2018 06:21,2018
889,2354,05/10/2016 15:58,2016
2357,2355,19/10/2016 04:59,2016
2355,2357,25/11/2016 08:11,2016
1036,2371,04/08/2016 01:37,2016
889,2403,06/07/2017 21:48,2017
502,2519,10/02/2017 14:57,2017
1295,2617,16/09/2018 16:33,2018
284,2630,19/06/2018 17:43,2018
423,2642,05/09/2018 06:58,2018
3084,2644,26/10/2017 08:34,2017
3288,2646,09/07/2018 02:41,2018
3307,2646,09/07/2018 02:41,2018
1492,2749,10/05/1995 15:40,1995
1529,2767,14/11/2011 09:34,2011
2701,2779,12/09/2015 13:59,2015
431,2789,09/11/2016 19:39,2016
1036,2796,14/04/2017 23:29,2017
2345,2801,19/08/2017 04:37,2017
2816,2817,12/08/2016 13:10,2016
502,2823,07/09/2017 15:22,2017
1302,2833,03/09/2018 14:11,2018
3288,2833,03/09/2018 14:11,2018
502,2865,29/07/2017 16:58,2017
502,3096,20/08/2017 22:21,2017
1036,3096,20/08/2017 22:21,2017
3288,3096,20/08/2017 22:21,2017
2345,3126,10/07/2017 11:18,2017
2352,3126,10/07/2017 11:18,2017
841,3284,06/01/2016 14:40,2016
502,3309,03/05/2018 02:57,2018
2085,3341,13/07/2017 18:52,2017
